gamma,s1,s2,s3
0.9,0,3,2
0.5,s1,A,s2
0.5,s1,A,s1
0.3333333333333333,s1,B,s1
0.3333333333333333,s1,B,s2
0.3333333333333333,s1,B,s3
1,s2,A,s1
1,s2,B,s1
0,s2,B,s2
1,s3,A,s3
0.5,s3,B,s2
0.5,s3,B,s3